"","OldName1","OldName2","FullName","OuterLiner","Flute1","MidLiner","Flute2","InnerLiner","NewName1","NewName3","calliper","theoreticalECT"
"1","T125/T125","B","TT 111 B","DU085","DU085",NA,NA,"DU085","TT","B",3,3.708056
"2","T125/T125","B150WB","TT 112 B","DU085","DU125",NA,NA,"DU085","TT","B",3,4.0396825
"3","T125/T125","B130HP","TT 113 B","DU085","HP130",NA,NA,"DU085","TT","B",3,4.33869
"4","T125/T125","B160HP","TT 114 B","DU085","HP160",NA,NA,"DU085","TT","B",3,4.621388
"5","T125/T125","C","TT 111 C","DU085","DU085",NA,NA,"DU085","TT","C",4,3.767816
"6","T125/T125","C150WB","TT 112 C","DU085","DU125",NA,NA,"DU085","TT","C",4,4.1247575
"7","T125/T125","C130HP","TT 113 C","DU085","HP130",NA,NA,"DU085","TT","C",4,4.44659
"8","T125/T125","C160HP","TT 114 C","DU085","HP160",NA,NA,"DU085","TT","C",4,4.750868
"9","T125/T125","DW","TT 111 BC","DU085","DU085","DU085","DU085","DU085","TT","BC",8,5.148272
"10","T125/T125","DW150WB","TT 112 BC","DU085","DU125","DU085","DU125","DU085","TT","BC",8,5.83684
"11","T125/T125","DW130HP","TT 113 BC","DU085","HP130","DU085","HP130","DU085","TT","BC",8,6.45768
"12","T125/T125","DW160HP","TT 114 BC","DU085","HP160","DU085","HP160","DU085","TT","BC",8,7.044656
"13","K125/T125","B","KT 111 B","KL100","DU085",NA,NA,"DU085","KT","B",3,3.857456
"14","K125/T125","B150WB","KT 112 B","KL100","DU125",NA,NA,"DU085","KT","B",3,4.1890825
"15","K125/T125","B130HP","KT 113 B","KL100","HP130",NA,NA,"DU085","KT","B",3,4.48809
"16","K125/T125","B160HP","KT 114 B","KL100","HP160",NA,NA,"DU085","KT","B",3,4.770788
"17","K125/T125","C","KT 111 C","KL100","DU085",NA,NA,"DU085","KT","C",4,3.917216
"18","K125/T125","C150WB","KT 112 C","KL100","DU125",NA,NA,"DU085","KT","C",4,4.2741575
"19","K125/T125","C130HP","KT 113 C","KL100","HP130",NA,NA,"DU085","KT","C",4,4.59599
"20","K125/T125","C160HP","KT 114 C","KL100","HP160",NA,NA,"DU085","KT","C",4,4.900268
"21","K125/T125","DW","KT 111 BC","KL100","DU085","DU085","DU085","DU085","KT","BC",8,5.297672
"22","K125/T125","DW150WB","KT 112 BC","KL100","DU125","DU085","DU125","DU085","KT","BC",8,5.98624
"23","K125/T125","DW130HP","KT 113 BC","KL100","HP130","DU085","HP130","DU085","KT","BC",8,6.60708
"24","K125/T125","DW160HP","KT 114 BC","KL100","HP160","DU085","HP160","DU085","KT","BC",8,7.194056
"25","K125/K125","B","KK 111 B","KL100","DU085",NA,NA,"KL100","KK","B",3,4.006856
"26","K125/K125","B150WB","KK 112 B","KL100","DU125",NA,NA,"KL100","KK","B",3,4.3384825
"27","K125/K125","B130HP","KK 113 B","KL100","HP130",NA,NA,"KL100","KK","B",3,4.63749
"28","K125/K125","B160HP","KK 114 B","KL100","HP160",NA,NA,"KL100","KK","B",3,4.920188
"29","K125/K125","C","KK 111 C","KL100","DU085",NA,NA,"KL100","KK","C",4,4.066616
"30","K125/K125","C150WB","KK 112 C","KL100","DU125",NA,NA,"KL100","KK","C",4,4.4235575
"31","K125/K125","C130HP","KK 113 C","KL100","HP130",NA,NA,"KL100","KK","C",4,4.74539
"32","K125/K125","C160HP","KK 114 C","KL100","HP160",NA,NA,"KL100","KK","C",4,5.049668
"33","K125/K125","DW","KK 111 BC","KL100","DU085","DU085","DU085","KL100","KK","BC",8,5.447072
"34","K125/K125","DW150WB","KK 112 BC","KL100","DU125","DU085","DU125","KL100","KK","BC",8,6.13564
"35","K125/K125","DW130HP","KK 113 BC","KL100","HP130","DU085","HP130","KL100","KK","BC",8,6.75648
"36","K125/K125","DW160HP","KK 114 BC","KL100","HP160","DU085","HP160","KL100","KK","BC",8,7.343456
"37","T150/T150","B","TT 221 B","DU125","DU085",NA,NA,"DU125","TT","B",3,4.214356
"38","T150/T150","B150WB","TT 222 B","DU125","DU125",NA,NA,"DU125","TT","B",3,4.5459825
"39","T150/T150","B130HP","TT 223 B","DU125","HP130",NA,NA,"DU125","TT","B",3,4.84499
"40","T150/T150","B160HP","TT 224 B","DU125","HP160",NA,NA,"DU125","TT","B",3,5.127688
"41","T150/T150","C","TT 221 C","DU125","DU085",NA,NA,"DU125","TT","C",4,4.274116
"42","T150/T150","C150WB","TT 222 C","DU125","DU125",NA,NA,"DU125","TT","C",4,4.6310575
"43","T150/T150","C130HP","TT 223 C","DU125","HP130",NA,NA,"DU125","TT","C",4,4.95289
"44","T150/T150","C160HP","TT 224 C","DU125","HP160",NA,NA,"DU125","TT","C",4,5.257168
"45","T150/T150","DW","TT 221 BC","DU125","DU085","DU085","DU085","DU125","TT","BC",8,5.654572
"46","T150/T150","DW150WB","TT 222 BC","DU125","DU125","DU085","DU125","DU125","TT","BC",8,6.34314
"47","T150/T150","DW130HP","TT 223 BC","DU125","HP130","DU085","HP130","DU125","TT","BC",8,6.96398
"48","T150/T150","DW160HP","TT 224 BC","DU125","HP160","DU085","HP160","DU125","TT","BC",8,7.550956
"49","K150/T150","B","KT 221 B","KL130","DU085",NA,NA,"DU125","KT","B",3,4.401106
"50","K150/T150","B150WB","KT 222 B","KL130","DU125",NA,NA,"DU125","KT","B",3,4.7327325
"51","K150/T150","B130HP","KT 223 B","KL130","HP130",NA,NA,"DU125","KT","B",3,5.03174
"52","K150/T150","B160HP","KT 224 B","KL130","HP160",NA,NA,"DU125","KT","B",3,5.314438
"53","K150/T150","C","KT 221 C","KL130","DU085",NA,NA,"DU125","KT","C",4,4.460866
"54","K150/T150","C150WB","KT 222 C","KL130","DU125",NA,NA,"DU125","KT","C",4,4.8178075
"55","K150/T150","C130HP","KT 223 C","KL130","HP130",NA,NA,"DU125","KT","C",4,5.13964
"56","K150/T150","C160HP","KT 224 C","KL130","HP160",NA,NA,"DU125","KT","C",4,5.443918
"57","K150/T150","DW","KT 221 BC","KL130","DU085","DU085","DU085","DU125","KT","BC",8,5.841322
"58","K150/T150","DW150WB","KT 222 BC","KL130","DU125","DU085","DU125","DU125","KT","BC",8,6.52989
"59","K150/T150","DW130HP","KT 223 BC","KL130","HP130","DU085","HP130","DU125","KT","BC",8,7.15073
"60","K150/T150","DW160HP","KT 224 BC","KL130","HP160","DU085","HP160","DU125","KT","BC",8,7.737706
"61","K150/K150","B","KK 221 B","KL130","DU085",NA,NA,"KL130","KK","B",3,4.587856
"62","K150/K150","B150WB","KK 222 B","KL130","DU125",NA,NA,"KL130","KK","B",3,4.9194825
"63","K150/K150","B130HP","KK 223 B","KL130","HP130",NA,NA,"KL130","KK","B",3,5.21849
"64","K150/K150","B160HP","KK 224 B","KL130","HP160",NA,NA,"KL130","KK","B",3,5.501188
"65","K150/K150","C","KK 221 C","KL130","DU085",NA,NA,"KL130","KK","C",4,4.647616
"66","K150/K150","C150WB","KK 222 C","KL130","DU125",NA,NA,"KL130","KK","C",4,5.0045575
"67","K150/K150","C130HP","KK 223 C","KL130","HP130",NA,NA,"KL130","KK","C",4,5.32639
"68","K150/K150","C160HP","KK 224 C","KL130","HP160",NA,NA,"KL130","KK","C",4,5.630668
"69","K150/K150","DW","KK 221 BC","KL130","DU085","DU085","DU085","KL130","KK","BC",8,6.028072
"70","K150/K150","DW150WB","KK 222 BC","KL130","DU125","DU085","DU125","KL130","KK","BC",8,6.71664
"71","K150/K150","DW130HP","KK 223 BC","KL130","HP130","DU085","HP130","KL130","KK","BC",8,7.33748
"72","K150/K150","DW160HP","KK 224 BC","KL130","HP160","DU085","HP160","KL130","KK","BC",8,7.924456
"73","T200/T200","B","TT 331 B","DU145","DU085",NA,NA,"DU145","TT","B",3,4.463356
"74","T200/T200","B150WB","TT 332 B","DU145","DU125",NA,NA,"DU145","TT","B",3,4.7949825
"75","T200/T200","B130HP","TT 333 B","DU145","HP130",NA,NA,"DU145","TT","B",3,5.09399
"76","T200/T200","B160HP","TT 334 B","DU145","HP160",NA,NA,"DU145","TT","B",3,5.376688
"77","T200/T200","C","TT 331 C","DU145","DU085",NA,NA,"DU145","TT","C",4,4.523116
"78","T200/T200","C150WB","TT 332 C","DU145","DU125",NA,NA,"DU145","TT","C",4,4.8800575
"79","T200/T200","C130HP","TT 333 C","DU145","HP130",NA,NA,"DU145","TT","C",4,5.20189
"80","T200/T200","C160HP","TT 334 C","DU145","HP160",NA,NA,"DU145","TT","C",4,5.506168
"81","T200/T200","DW","TT 331 BC","DU145","DU085","DU085","DU085","DU145","TT","BC",8,5.903572
"82","T200/T200","DW150WB","TT 332 BC","DU145","DU125","DU085","DU125","DU145","TT","BC",8,6.59214
"83","T200/T200","DW130HP","TT 333 BC","DU145","HP130","DU085","HP130","DU145","TT","BC",8,7.21298
"84","T200/T200","DW160HP","TT 334 BC","DU145","HP160","DU085","HP160","DU145","TT","BC",8,7.799956
"85","K200/T200","B","KT 331 B","KL160","DU085",NA,NA,"DU145","KT","B",3,4.712356
"86","K200/T200","B150WB","KT 332 B","KL160","DU125",NA,NA,"DU145","KT","B",3,5.0439825
"87","K200/T200","B130HP","KT 333 B","KL160","HP130",NA,NA,"DU145","KT","B",3,5.34299
"88","K200/T200","B160HP","KT 334 B","KL160","HP160",NA,NA,"DU145","KT","B",3,5.625688
"89","K200/T200","C","KT 331 C","KL160","DU085",NA,NA,"DU145","KT","C",4,4.772116
"90","K200/T200","C150WB","KT 332 C","KL160","DU125",NA,NA,"DU145","KT","C",4,5.1290575
"91","K200/T200","C130HP","KT 333 C","KL160","HP130",NA,NA,"DU145","KT","C",4,5.45089
"92","K200/T200","C160HP","KT 334 C","KL160","HP160",NA,NA,"DU145","KT","C",4,5.755168
"93","K200/T200","DW","KT 331 BC","KL160","DU085","DU085","DU085","DU145","KT","BC",8,6.152572
"94","K200/T200","DW150WB","KT 332 BC","KL160","DU125","DU085","DU125","DU145","KT","BC",8,6.84114
"95","K200/T200","DW130HP","KT 333 BC","KL160","HP130","DU085","HP130","DU145","KT","BC",8,7.46198
"96","K200/T200","DW160HP","TT 334 BC","KL160","HP160","DU085","HP160","DU145","TT","BC",8,8.048956
"97","K200/K200","B","KK 331 B","KL160","DU085",NA,NA,"KL160","KK","B",3,4.961356
"98","K200/K200","B150WB","KK 332 B","KL160","DU125",NA,NA,"KL160","KK","B",3,5.2929825
"99","K200/K200","B130HP","KK 333 B","KL160","HP130",NA,NA,"KL160","KK","B",3,5.59199
"100","K200/K200","B160HP","KK 334 B","KL160","HP160",NA,NA,"KL160","KK","B",3,5.874688
"101","K200/K200","C","KK 331 C","KL160","DU085",NA,NA,"KL160","KK","C",4,5.021116
"102","K200/K200","C150WB","KK 332 C","KL160","DU125",NA,NA,"KL160","KK","C",4,5.3780575
"103","K200/K200","C130HP","KK 333 C","KL160","HP130",NA,NA,"KL160","KK","C",4,5.69989
"104","K200/K200","C160HP","KK 334 C","KL160","HP160",NA,NA,"KL160","KK","C",4,6.004168
"105","K200/K200","DW","KK 331 BC","KL160","DU085","DU085","DU085","KL160","KK","BC",8,6.401572
"106","K200/K200","DW150WB","KK 332 BC","KL160","DU125","DU085","DU125","KL160","KK","BC",8,7.09014
"107","K200/K200","DW130HP","KK 333 BC","KL160","HP130","DU085","HP130","KL160","KK","BC",8,7.71098
"108","K200/K200","DW160HP","KK 334 BC","KL160","HP160","DU085","HP160","KL160","KK","BC",8,8.297956
"109","K300/T300","B","KT 441 B","KL225","DU085",NA,NA,"TL220","KT","B",3,5.251856
"110","K300/T300","B150WB","KT 442 B","KL225","DU125",NA,NA,"TL220","KT","B",3,5.5834825
"111","K300/T300","B130HP","KT 443 B","KL225","HP130",NA,NA,"TL220","KT","B",3,5.88249
"112","K300/T300","B160HP","KT 444 B","KL225","HP160",NA,NA,"TL220","KT","B",3,6.165188
"113","K300/T300","C","KT 441 C","KL225","DU085",NA,NA,"TL220","KT","C",4,5.311616
"114","K300/T300","C150WB","KT 442 C","KL225","DU125",NA,NA,"TL220","KT","C",4,5.6685575
"115","K300/T300","C130HP","KT 443 C","KL225","HP130",NA,NA,"TL220","KT","C",4,5.99039
"116","K300/T300","C160HP","KT 444 C","KL225","HP160",NA,NA,"TL220","KT","C",4,6.294668
"117","K300/T300","DW","KT 441 BC","KL225","DU085","DU085","DU085","TL220","KT","BC",8,6.692072
"118","K300/T300","DW150WB","KT 442 BC","KL225","DU125","DU085","DU125","TL220","KT","BC",8,7.38064
"119","K300/T300","DW130HP","KT 443 BC","KL225","HP130","DU085","HP130","TL220","KT","BC",8,8.00148
"120","K300/T300","DW160HP","KT 444 BC","KL225","HP160","DU085","HP160","TL220","KT","BC",8,8.588456
"121","K300/K300","B","KK 441 B","KL225","DU085",NA,NA,"KL225","KK","B",3,5.749856
"122","K300/K300","B150WB","KK 442 B","KL225","DU125",NA,NA,"KL225","KK","B",3,6.0814825
"123","K300/K300","B130HP","KK 443 B","KL225","HP130",NA,NA,"KL225","KK","B",3,6.38049
"124","K300/K300","B160HP","KK 444 B","KL225","HP160",NA,NA,"KL225","KK","B",3,6.663188
"125","K300/K300","C","KK 441 C","KL225","DU085",NA,NA,"KL225","KK","C",4,5.809616
"126","K300/K300","C150WB","KK 442 C","KL225","DU125",NA,NA,"KL225","KK","C",4,6.1665575
"127","K300/K300","C130HP","KK 443 C","KL225","HP130",NA,NA,"KL225","KK","C",4,6.48839
"128","K300/K300","C160HP","KK 444 C","KL225","HP160",NA,NA,"KL225","KK","C",4,6.792668
"129","K300/K300","DW","KK 441 BC","KL225","DU085","DU085","DU085","KL225","KK","BC",8,7.190072
"130","K300/K300","DW150WB","KK 442 BC","KL225","DU125","DU085","DU125","KL225","KK","BC",8,7.87864
"131","K300/K300","DW130HP","KK 443 BC","KL225","HP130","DU085","HP130","KL225","KK","BC",8,8.49948
"132","K300/K300","DW160HP","KK 444 BC","KL225","HP160","DU085","HP160","KL225","KK","BC",8,9.086456
"133","WT125/T125","B","WTT 111 B","WT130","DU085",NA,NA,"DU085","WTT","B",3,3.799356
"134","WT125/T125","B150WB","WTT 112 B","WT130","DU125",NA,NA,"DU085","WTT","B",3,4.1309825
"135","WT125/T125","B130HP","WTT 113 B","WT130","HP130",NA,NA,"DU085","WTT","B",3,4.42999
"136","WT125/T125","B160HP","WTT 114 B","WT130","HP160",NA,NA,"DU085","WTT","B",3,4.712688
"137","WT125/T125","C","WTT 111 C","WT130","DU085",NA,NA,"DU085","WTT","C",4,3.859116
"138","WT125/T125","C150WB","WTT 112 C","WT130","DU125",NA,NA,"DU085","WTT","C",4,4.2160575
"139","WT125/T125","C130HP","WTT 113 C","WT130","HP130",NA,NA,"DU085","WTT","C",4,4.53789
"140","WT125/T125","C160HP","WTT 114 C","WT130","HP160",NA,NA,"DU085","WTT","C",4,4.842168
"141","WT125/T125","DW","WTT 111 BC","WT130","DU085","DU085","DU085","DU085","WTT","BC",8,5.239572
"142","WT125/T125","DW150WB","WTT 112 BC","WT130","DU125","DU085","DU125","DU085","WTT","BC",8,5.92814
"143","WT125/T125","DW130HP","WTT 113 BC","WT130","HP130","DU085","HP130","DU085","WTT","BC",8,6.54898
"144","WT125/T125","DW160HP","WTT 114 BC","WT130","HP160","DU085","HP160","DU085","WTT","BC",8,7.135956
"145","WT125/WT125","B","WTWT 111 B","WT130","DU085",NA,NA,"WT130","WTWT","B",3,3.890656
"146","WT125/WT125","B150WB","WTWT 112 B","WT130","DU125",NA,NA,"WT130","WTWT","B",3,4.2222825
"147","WT125/WT125","B130HP","WTWT 113 B","WT130","HP130",NA,NA,"WT130","WTWT","B",3,4.52129
"148","WT125/WT125","B160HP","WTWT 114 B","WT130","HP160",NA,NA,"WT130","WTWT","B",3,4.803988
"149","WT125/WT125","C","WTWT 111 C","WT130","DU085",NA,NA,"WT130","WTWT","C",4,3.950416
"150","WT125/WT125","C150WB","WTWT 112 C","WT130","DU125",NA,NA,"WT130","WTWT","C",4,4.3073575
"151","WT125/WT125","C130HP","WTWT 113 C","WT130","HP130",NA,NA,"WT130","WTWT","C",4,4.62919
"152","WT125/WT125","C160HP","WTWT 114 C","WT130","HP160",NA,NA,"WT130","WTWT","C",4,4.933468
"153","WT125/WT125","DW","WTWT 111 BC","WT130","DU085","DU085","DU085","WT130","WTWT","BC",8,5.330872
"154","WT125/WT125","DW150WB","WTWT 112 BC","WT130","DU125","DU085","DU125","WT130","WTWT","BC",8,6.01944
"155","WT125/WT125","DW130HP","WTWT 113 BC","WT130","HP130","DU085","HP130","WT130","WTWT","BC",8,6.64028
"156","WT125/WT125","DW160HP","WTWT 114 BC","WT130","HP160","DU085","HP160","WT130","WTWT","BC",8,7.227256
"157","WT150/T150","B","WTT 221 B","WT130","DU085",NA,NA,"DU125","WTT","B",3,4.052506
"158","WT150/T150","B150WB","WTT 222 B","WT130","DU125",NA,NA,"DU125","WTT","B",3,4.3841325
"159","WT150/T150","B130HP","WTT 223 B","WT130","HP130",NA,NA,"DU125","WTT","B",3,4.68314
"160","WT150/T150","B160HP","WTT 224 B","WT130","HP160",NA,NA,"DU125","WTT","B",3,4.965838
"161","WT150/T150","C","WTT 221 C","WT130","DU085",NA,NA,"DU125","WTT","C",4,4.112266
"162","WT150/T150","C150WB","WTT 222 C","WT130","DU125",NA,NA,"DU125","WTT","C",4,4.4692075
"163","WT150/T150","C130HP","WTT 223 C","WT130","HP130",NA,NA,"DU125","WTT","C",4,4.79104
"164","WT150/T150","C160HP","WTT 224 C","WT130","HP160",NA,NA,"DU125","WTT","C",4,5.095318
"165","WT150/T150","DW","WTT 221 BC","WT130","DU085","DU085","DU085","DU125","WTT","BC",8,5.492722
"166","WT150/T150","DW150WB","WTT 222 BC","WT130","DU125","DU085","DU125","DU125","WTT","BC",8,6.18129
"167","WT150/T150","DW130HP","WTT 223 BC","WT130","HP130","DU085","HP130","DU125","WTT","BC",8,6.80213
"168","WT150/T150","DW160HP","WTT 224 BC","WT130","HP160","DU085","HP160","DU125","WTT","BC",8,7.389106
"169","WT150/WT150","B","WTWT 221 B","WT130","DU085",NA,NA,"WT130","WTWT","B",3,3.890656
"170","WT150/WT150","B150WB","WTWT 222 B","WT130","DU125",NA,NA,"WT130","WTWT","B",3,4.2222825
"171","WT150/WT150","B130HP","WTWT 223 B","WT130","HP130",NA,NA,"WT130","WTWT","B",3,4.52129
"172","WT150/WT150","B160HP","WTWT 224 B","WT130","HP160",NA,NA,"WT130","WTWT","B",3,4.803988
"173","WT150/WT150","C","WTWT 221 C","WT130","DU085",NA,NA,"WT130","WTWT","C",4,3.950416
"174","WT150/WT150","C150WB","WTWT 222 C","WT130","DU125",NA,NA,"WT130","WTWT","C",4,4.3073575
"175","WT150/WT150","C130HP","WTWT 223 C","WT130","HP130",NA,NA,"WT130","WTWT","C",4,4.62919
"176","WT150/WT150","C160HP","WTWT 224 C","WT130","HP160",NA,NA,"WT130","WTWT","C",4,4.933468
"177","WT150/WT150","DW","WTWT 221 BC","WT130","DU085","DU085","DU085","WT130","WTWT","BC",8,5.330872
"178","WT150/WT150","DW150WB","WTWT 222 BC","WT130","DU125","DU085","DU125","WT130","WTWT","BC",8,6.01944
"179","WT150/WT150","DW130HP","WTWT 223 BC","WT130","HP130","DU085","HP130","WT130","WTWT","BC",8,6.64028
"180","WT150/WT150","DW160HP","WTWT 224 BC","WT130","HP160","DU085","HP160","WT130","WTWT","BC",8,7.227256
"181","WT200/T200","B","WTT 331 B","WT160","DU085",NA,NA,"DU145","WTT","B",3,4.347156
"182","WT200/T200","B150WB","WTT 332 B","WT160","DU125",NA,NA,"DU145","WTT","B",3,4.6787825
"183","WT200/T200","B130HP","WTT 333 B","WT160","HP130",NA,NA,"DU145","WTT","B",3,4.97779
"184","WT200/T200","B160HP","WTT 334 B","WT160","HP160",NA,NA,"DU145","WTT","B",3,5.260488
"185","WT200/T200","C","WTT 331 C","WT160","DU085",NA,NA,"DU145","WTT","C",4,4.406916
"186","WT200/T200","C150WB","WTT 332 C","WT160","DU125",NA,NA,"DU145","WTT","C",4,4.7638575
"187","WT200/T200","C130HP","WTT 333 C","WT160","HP130",NA,NA,"DU145","WTT","C",4,5.08569
"188","WT200/T200","C160HP","WTT 334 C","WT160","HP160",NA,NA,"DU145","WTT","C",4,5.389968
"189","WT200/T200","DW","WTT 331 BC","WT160","DU085","DU085","DU085","DU145","WTT","BC",8,5.787372
"190","WT200/T200","DW150WB","WTT 332 BC","WT160","DU125","DU085","DU125","DU145","WTT","BC",8,6.47594
"191","WT200/T200","DW130HP","WTT 333 BC","WT160","HP130","DU085","HP130","DU145","WTT","BC",8,7.09678
"192","WT200/T200","DW160HP","WTT 334 BC","WT160","HP160","DU085","HP160","DU145","WTT","BC",8,7.683756
"193","WT200/WT200","B","WTWT 331 B","WT160","DU085",NA,NA,"WT160","WTWT","B",3,4.230956
"194","WT200/WT200","B150WB","WTWT 332 B","WT160","DU125",NA,NA,"WT160","WTWT","B",3,4.5625825
"195","WT200/WT200","B130HP","WTWT 333 B","WT160","HP130",NA,NA,"WT160","WTWT","B",3,4.86159
"196","WT200/WT200","B160HP","WTWT 334 B","WT160","HP160",NA,NA,"WT160","WTWT","B",3,5.144288
"197","WT200/WT200","C","WTWT 331 C","WT160","DU085",NA,NA,"WT160","WTWT","C",4,4.290716
"198","WT200/WT200","C150WB","WTWT 332 C","WT160","DU125",NA,NA,"WT160","WTWT","C",4,4.6476575
"199","WT200/WT200","C130HP","WTWT 333 C","WT160","HP130",NA,NA,"WT160","WTWT","C",4,4.96949
"200","WT200/WT200","C160HP","WTWT 334 C","WT160","HP160",NA,NA,"WT160","WTWT","C",4,5.273768
"201","WT200/WT200","DW","WTWT 331 BC","WT160","DU085","DU085","DU085","WT160","WTWT","BC",8,5.671172
"202","WT200/WT200","DW150WB","WTWT 332 BC","WT160","DU125","DU085","DU125","WT160","WTWT","BC",8,6.35974
"203","WT200/WT200","DW130HP","WTWT 333 BC","WT160","HP130","DU085","HP130","WT160","WTWT","BC",8,6.98058
"204","WT200/WT200","DW160HP","WTWT 334 BC","WT160","HP160","DU085","HP160","WT160","WTWT","BC",8,7.567556
"205","WT200/T250","B","WTT 341 B","WT160","DU085",NA,NA,"TL220","WTT","B",3,4.492406
"206","WT200/T250","B150WB","WTT 342 B","WT160","DU125",NA,NA,"TL220","WTT","B",3,4.8240325
"207","WT200/T250","B130HP","WTT 343 B","WT160","HP130",NA,NA,"TL220","WTT","B",3,5.12304
"208","WT200/T250","B160HP","WTT 344 B","WT160","HP160",NA,NA,"TL220","WTT","B",3,5.405738
"209","WT200/T250","C","WTT 341 C","WT160","DU085",NA,NA,"TL220","WTT","C",4,4.552166
"210","WT200/T250","C150WB","WTT 342 C","WT160","DU125",NA,NA,"TL220","WTT","C",4,4.9091075
"211","WT200/T250","C130HP","WTT 343 C","WT160","HP130",NA,NA,"TL220","WTT","C",4,5.23094
"212","WT200/T250","C160HP","WTT 344 C","WT160","HP160",NA,NA,"TL220","WTT","C",4,5.535218
"213","WT200/T250","DW","WTT 341 BC","WT160","DU085","DU085","DU085","TL220","WTT","BC",8,5.932622
"214","WT200/T250","DW150WB","WTT 342 BC","WT160","DU125","DU085","DU125","TL220","WTT","BC",8,6.62119
"215","WT200/T250","DW130HP","WTT 343 BC","WT160","HP130","DU085","HP130","TL220","WTT","BC",8,7.24203
"216","WT200/T250","DW160HP","WTT 344 BC","WT160","HP160","DU085","HP160","TL220","WTT","BC",8,7.829006
"217","WK125/T125","DW","WKT 111 BC","WK135","DU085","DU085","DU085","DU085","WKT","BC",8,5.588172
"218","WK125/T125","DW150WB","WKT 112 BC","WK135","DU125","DU085","DU125","DU085","WKT","BC",8,6.27674
"219","WK125/T125","DW130HP","WKT 113 BC","WK135","HP130","DU085","HP130","DU085","WKT","BC",8,6.89758
"220","WK125/T125","DW160HP","WKT 114 BC","WK135","HP160","DU085","HP160","DU085","WKT","BC",8,7.484556
"221","WK125/WK125","B","WKWK 111 B","WK135","DU085",NA,NA,"WK135","WKWK","B",3,4.587856
"222","WK125/WK125","B150WB","WKWK 112 B","WK135","DU125",NA,NA,"WK135","WKWK","B",3,4.9194825
"223","WK125/WK125","B130HP","WKWK 113 B","WK135","HP130",NA,NA,"WK135","WKWK","B",3,5.21849
"224","WK125/WK125","B160HP","WKWK 114 B","WK135","HP160",NA,NA,"WK135","WKWK","B",3,5.501188
"225","WK125/WK125","C","WKWK 111 C","WK135","DU085",NA,NA,"WK135","WKWK","C",4,4.647616
"226","WK125/WK125","C150WB","WKWK 112 C","WK135","DU125",NA,NA,"WK135","WKWK","C",4,5.0045575
"227","WK125/WK125","C130HP","WKWK 113 C","WK135","HP130",NA,NA,"WK135","WKWK","C",4,5.32639
"228","WK125/WK125","C160HP","WKWK 114 C","WK135","HP160",NA,NA,"WK135","WKWK","C",4,5.630668
"229","WK125/WK125","DW","WKWK 111 BC","WK135","DU085","DU085","DU085","WK135","WKWK","BC",8,6.028072
"230","WK125/WK125","DW150WB","WKWK 112 BC","WK135","DU125","DU085","DU125","WK135","WKWK","BC",8,6.71664
"231","WK125/WK125","DW130HP","WKWK 113 BC","WK135","HP130","DU085","HP130","WK135","WKWK","BC",8,7.33748
"232","WK125/WK125","DW160HP","WKWK 114 BC","WK135","HP160","DU085","HP160","WK135","WKWK","BC",8,7.924456
"233","WK150/T150","B","WKT 221 B","WK135","DU085",NA,NA,"DU125","WKT","B",3,4.401106
"234","WK150/T150","B150WB","WKT 222 B","WK135","DU125",NA,NA,"DU125","WKT","B",3,4.7327325
"235","WK150/T150","B130HP","WKT 223 B","WK135","HP130",NA,NA,"DU125","WKT","B",3,5.03174
"236","WK150/T150","B160HP","WKT 224 B","WK135","HP160",NA,NA,"DU125","WKT","B",3,5.314438
"237","WK150/T150","C","WKT 221 C","WK135","DU085",NA,NA,"DU125","WKT","C",4,4.460866
"238","WK150/T150","C150WB","WKT 222 C","WK135","DU125",NA,NA,"DU125","WKT","C",4,4.8178075
"239","WK150/T150","C130HP","WKT 223 C","WK135","HP130",NA,NA,"DU125","WKT","C",4,5.13964
"240","WK150/T150","C160HP","WKT 224 C","WK135","HP160",NA,NA,"DU125","WKT","C",4,5.443918
"241","WK150/T150","DW","WKT 221 BC","WK135","DU085","DU085","DU085","DU125","WKT","BC",8,5.841322
"242","WK150/T150","DW150WB","WKT 222 BC","WK135","DU125","DU085","DU125","DU125","WKT","BC",8,6.52989
"243","WK150/T150","DW130HP","WKT 223 BC","WK135","HP130","DU085","HP130","DU125","WKT","BC",8,7.15073
"244","WK150/T150","DW160HP","WKT 224 BC","WK135","HP160","DU085","HP160","DU125","WKT","BC",8,7.737706
"245","WK150/WK150","B","WKWK 221 B","WK135","DU085",NA,NA,"WK135","WKWK","B",3,4.587856
"246","WK150/WK150","B150WB","WKWK 222 B","WK135","DU125",NA,NA,"WK135","WKWK","B",3,4.9194825
"247","WK150/WK150","B130HP","WKWK 223 B","WK135","HP130",NA,NA,"WK135","WKWK","B",3,5.21849
"248","WK150/WK150","B160HP","WKWK 224 B","WK135","HP160",NA,NA,"WK135","WKWK","B",3,5.501188
"249","WK150/WK150","C","WKWK 221 C","WK135","DU085",NA,NA,"WK135","WKWK","C",4,4.647616
"250","WK150/WK150","C150WB","WKWK 222 C","WK135","DU125",NA,NA,"WK135","WKWK","C",4,5.0045575
"251","WK150/WK150","C130HP","WKWK 223 C","WK135","HP130",NA,NA,"WK135","WKWK","C",4,5.32639
"252","WK150/WK150","C160HP","WKWK 224 C","WK135","HP160",NA,NA,"WK135","WKWK","C",4,5.630668
"253","WK150/WK150","DW","WKWK 221 BC","WK135","DU085","DU085","DU085","WK135","WKWK","BC",8,6.028072
"254","WK150/WK150","DW150WB","WKWK 222 BC","WK135","DU125","DU085","DU125","WK135","WKWK","BC",8,6.71664
"255","WK150/WK150","DW130HP","WKWK 223 BC","WK135","HP130","DU085","HP130","WK135","WKWK","BC",8,7.33748
"256","WK150/WK150","DW160HP","WKWK 224 BC","WK135","HP160","DU085","HP160","WK135","WKWK","BC",8,7.924456
"257","WK200/T200","B","WKT 331 B","WK160","DU085",NA,NA,"DU145","WKT","B",3,4.691606
"258","WK200/T200","B150WB","WKT 332 B","WK160","DU125",NA,NA,"DU145","WKT","B",3,5.0232325
"259","WK200/T200","B130HP","WKT 333 B","WK160","HP130",NA,NA,"DU145","WKT","B",3,5.32224
"260","WK200/T200","B160HP","WKT 334 B","WK160","HP160",NA,NA,"DU145","WKT","B",3,5.604938
"261","WK200/T200","C","WKT 331 C","WK160","DU085",NA,NA,"DU145","WKT","C",4,4.751366
"262","WK200/T200","C150WB","WKT 332 C","WK160","DU125",NA,NA,"DU145","WKT","C",4,5.1083075
"263","WK200/T200","C130HP","WKT 333 C","WK160","HP130",NA,NA,"DU145","WKT","C",4,5.43014
"264","WK200/T200","C160HP","WKT 334 C","WK160","HP160",NA,NA,"DU145","WKT","C",4,5.734418
"265","WK200/T200","DW","WKT 331 BC","WK160","DU085","DU085","DU085","DU145","WKT","BC",8,6.131822
"266","WK200/T200","DW150WB","WKT 332 BC","WK160","DU125","DU085","DU125","DU145","WKT","BC",8,6.82039
"267","WK200/T200","DW130HP","WKT 333 BC","WK160","HP130","DU085","HP130","DU145","WKT","BC",8,7.44123
"268","WK200/T200","DW160HP","WKT 334 BC","WK160","HP160","DU085","HP160","DU145","WKT","BC",8,8.028206
"269","WK200/WK200","B","WKWK 331 B","WK160","DU085",NA,NA,"WK160","WKWK","B",3,4.919856
"270","WK200/WK200","B150WB","WKWK 332 B","WK160","DU125",NA,NA,"WK160","WKWK","B",3,5.2514825
"271","WK200/WK200","B130HP","WKWK 333 B","WK160","HP130",NA,NA,"WK160","WKWK","B",3,5.55049
"272","WK200/WK200","B160HP","WKWK 334 B","WK160","HP160",NA,NA,"WK160","WKWK","B",3,5.833188
"273","WK200/WK200","C","WKWK 331 C","WK160","DU085",NA,NA,"WK160","WKWK","C",4,4.979616
"274","WK200/WK200","C150WB","WKWK 332 C","WK160","DU125",NA,NA,"WK160","WKWK","C",4,5.3365575
"275","WK200/WK200","C130HP","WKWK 333 C","WK160","HP130",NA,NA,"WK160","WKWK","C",4,5.65839
"276","WK200/WK200","C160HP","WKWK 334 C","WK160","HP160",NA,NA,"WK160","WKWK","C",4,5.962668
"277","WK200/WK200","DW","WKWK 331 BC","WK160","DU085","DU085","DU085","WK160","WKWK","BC",8,6.360072
"278","WK200/WK200","DW150WB","WKWK 332 BC","WK160","DU125","DU085","DU125","WK160","WKWK","BC",8,7.04864
"279","WK200/WK200","DW130HP","WKWK 333 BC","WK160","HP130","DU085","HP130","WK160","WKWK","BC",8,7.66948
"280","WK200/WK200","DW160HP","WKWK 334 BC","WK160","HP160","DU085","HP160","WK160","WKWK","BC",8,8.256456
"281","WK200/K200","B","WKK 331 B","WK160","DU085",NA,NA,"KL160","WKK","B",3,4.940606
"282","WK200/K200","B150WB","WKK 332 B","WK160","DU125",NA,NA,"KL160","WKK","B",3,5.2722325
"283","WK200/K200","B130HP","WKK 333 B","WK160","HP130",NA,NA,"KL160","WKK","B",3,5.57124
"284","WK200/K200","B160HP","WKK 334 B","WK160","HP160",NA,NA,"KL160","WKK","B",3,5.853938
"285","WK200/K200","C","WKK 331 C","WK160","DU085",NA,NA,"KL160","WKK","C",4,5.000366
"286","WK200/K200","C150WB","WKK 332 C","WK160","DU125",NA,NA,"KL160","WKK","C",4,5.3573075
"287","WK200/K200","C130HP","WKK 333 C","WK160","HP130",NA,NA,"KL160","WKK","C",4,5.67914
"288","WK200/K200","C160HP","WKK 334 C","WK160","HP160",NA,NA,"KL160","WKK","C",4,5.983418
"289","WK200/K200","DW","WKK 331 BC","WK160","DU085","DU085","DU085","KL160","WKK","BC",8,6.380822
"290","WK200/K200","DW150WB","WKK 332 BC","WK160","DU125","DU085","DU125","KL160","WKK","BC",8,7.06939
"291","WK200/K200","DW130HP","WKK 333 BC","WK160","HP130","DU085","HP130","KL160","WKK","BC",8,7.69023
"292","WK200/K200","DW160HP","WKK 334 BC","WK160","HP160","DU085","HP160","KL160","WKK","BC",8,8.277206
"293","WK150/K200","B","WKK 231 B","WK160","DU085",NA,NA,"KL160","WKK","B",3,4.940606
"294","WK150/K200","B150WB","WKK 232 B","WK160","DU125",NA,NA,"KL160","WKK","B",3,5.2722325
"295","WK150/K200","B130HP","WKK 233 B","WK160","HP130",NA,NA,"KL160","WKK","B",3,5.57124
"296","WK150/K200","B160HP","WKK 234 B","WK160","HP160",NA,NA,"KL160","WKK","B",3,5.853938
"297","WK150/K200","C","WKK 231 C","WK160","DU085",NA,NA,"KL160","WKK","C",4,5.000366
"298","WK150/K200","C150WB","WKK 232 C","WK160","DU125",NA,NA,"KL160","WKK","C",4,5.3573075
"299","WK150/K200","C130HP","WKK 233 C","WK160","HP130",NA,NA,"KL160","WKK","C",4,5.67914
"300","WK150/K200","C160HP","WKK 234 C","WK160","HP160",NA,NA,"KL160","WKK","C",4,5.983418
"301","WK150/K200","DW","WKK 231 BC","WK160","DU085","DU085","DU085","KL160","WKK","BC",8,6.380822
"302","WK150/K200","DW150WB","WKK 232 BC","WK160","DU125","DU085","DU125","KL160","WKK","BC",8,7.06939
"303","WK150/K200","DW130HP","WKK 233 BC","WK160","HP130","DU085","HP130","KL160","WKK","BC",8,7.69023
"304","WK150/K200","DW160HP","WKK 234 BC","WK160","HP160","DU085","HP160","KL160","WKK","BC",8,8.277206
"305","WK200/K150","B","WKK 321 B","WK160","DU085",NA,NA,"KL130","WKK","B",3,4.753856
"306","WK200/K150","B150WB","WKK 322 B","WK160","DU125",NA,NA,"KL130","WKK","B",3,5.0854825
"307","WK200/K150","B130HP","WKK 333 B","WK160","HP130",NA,NA,"KL130","WKK","B",3,5.38449
"308","WK200/K150","B160HP","WKK 324 B","WK160","HP160",NA,NA,"KL130","WKK","B",3,5.667188
"309","WK200/K150","C","WKK 321 C","WK160","DU085",NA,NA,"KL130","WKK","C",4,4.813616
"310","WK200/K150","C150WB","WKK 322 C","WK160","DU125",NA,NA,"KL130","WKK","C",4,5.1705575
"311","WK200/K150","C130HP","WKK 333 C","WK160","HP130",NA,NA,"KL130","WKK","C",4,5.49239
"312","WK200/K150","C160HP","WKK 324 C","WK160","HP160",NA,NA,"KL130","WKK","C",4,5.796668
"313","WK200/K150","DW","WKK 321 BC","WK160","DU085","DU085","DU085","KL130","WKK","BC",8,6.194072
"314","WK200/K150","DW150WB","WKK 322 BC","WK160","DU125","DU085","DU125","KL130","WKK","BC",8,6.88264
"315","WK200/K150","DW130HP","WKK 333 BC","WK160","HP130","DU085","HP130","KL130","WKK","BC",8,7.50348
"316","WK200/K150","DW160HP","WKK 324 BC","WK160","HP160","DU085","HP160","KL130","WKK","BC",8,8.090456
